Name,OfficeNumber,Email
John Doe,123,john.doe@gmail.com
Jane Smith,456,jane.smith@gmail.com
Burger,12133,Burger@gmail.com
Kobayashi,1321,Kobayashi@yahoo.com
Atkinson,123123,Atkinson@gnail.com
Miller,12121,Miller@gmail.com
Feng,112312,Feng@gmail.com
Osburn,341234,Osburn@gmail.com
Tadayon-Navabi,1231231,Tadayon-Navabi@gmail.com
Nakamura,14234,Nakamura@gmail.com
Chen,24352353,Chen@gmail.com
Syrotiuk,123,Syrotiuk@gmail.com
Xue,1524,Xue@gmail.com
Zhao,1231,Zhao@gmail.com
Meuth,24,Meuth@gmail.com
Bao,52123,Bao@gmail.com
Shrivastava,24532,Shrivastava@gmail.com
"Wang, Yang",1231,"Wang, Yang@gmail.com"
Candan,2341,Candan@gmail.com
